name,id,home,team,pos,defense_ast,defense_ffum,defense_fgblk,defense_frec,defense_frec_tds,defense_frec_yds,defense_int,defense_int_tds,defense_int_yds,defense_misc_tds,defense_misc_yds,defense_pass_def,defense_puntblk,defense_qbhit,defense_safe,defense_sk,defense_sk_yds,defense_tds,defense_tkl,defense_tkl_loss,defense_tkl_primary,defense_xpblk,first_down,fourth_down_att,fourth_down_conv,fourth_down_failed,fumbles_forced,fumbles_lost,fumbles_notforced,fumbles_oob,fumbles_rcv,fumbles_rec,fumbles_rec_tds,fumbles_rec_yds,fumbles_tot,fumbles_trcv,fumbles_yds,kicking_downed,kicking_fga,kicking_fgb,kicking_fgm,kicking_fgm_yds,kicking_fgmissed,kicking_fgmissed_yds,kicking_fgyds,kicking_i20,kicking_rec,kicking_rec_tds,kicking_tot,kicking_totpfg,kicking_touchback,kicking_xpa,kicking_xpb,kicking_xpmade,kicking_xpmissed,kicking_xptot,kicking_yds,kickret_avg,kickret_fair,kickret_lng,kickret_oob,kickret_ret,kickret_tds,kickret_touchback,kickret_yds,passing_att,passing_cmp,passing_cmp_air_yds,passing_first_down,passing_incmp,passing_incmp_air_yds,passing_int,passing_ints,passing_sk,passing_sk_yds,passing_tds,passing_twopta,passing_twoptm,passing_twoptmissed,passing_yds,penalty,penalty_first_down,penalty_yds,punting_avg,punting_blk,punting_i20,punting_lng,punting_pts,punting_tot,punting_touchback,punting_yds,puntret_avg,puntret_downed,puntret_fair,puntret_lng,puntret_oob,puntret_ret,puntret_tds,puntret_tot,puntret_touchback,puntret_yds,receiving_lng,receiving_rec,receiving_tar,receiving_tds,receiving_twopta,receiving_twoptm,receiving_twoptmissed,receiving_yac_yds,receiving_yds,rushing_att,rushing_first_down,rushing_lng,rushing_loss,rushing_tds,rushing_twopta,rushing_twoptm,rushing_twoptmissed,rushing_yds,third_down_att,third_down_conv,third_down_failed,timeout,xp_aborted
name,id,home,team,pos,defense_ast,defense_ffum,defense_fgblk,defense_frec,defense_frec_tds,defense_frec_yds,defense_int,defense_int_tds,defense_int_yds,defense_misc_tds,defense_misc_yds,defense_pass_def,defense_puntblk,defense_qbhit,defense_safe,defense_sk,defense_sk_yds,defense_tds,defense_tkl,defense_tkl_loss,defense_tkl_primary,defense_xpblk,first_down,fourth_down_att,fourth_down_conv,fourth_down_failed,fumbles_forced,fumbles_lost,fumbles_notforced,fumbles_oob,fumbles_rcv,fumbles_rec,fumbles_rec_tds,fumbles_rec_yds,fumbles_tot,fumbles_trcv,fumbles_yds,kicking_downed,kicking_fga,kicking_fgb,kicking_fgm,kicking_fgm_yds,kicking_fgmissed,kicking_fgmissed_yds,kicking_fgyds,kicking_i20,kicking_rec,kicking_rec_tds,kicking_tot,kicking_totpfg,kicking_touchback,kicking_xpa,kicking_xpb,kicking_xpmade,kicking_xpmissed,kicking_xptot,kicking_yds,kickret_avg,kickret_fair,kickret_lng,kickret_oob,kickret_ret,kickret_tds,kickret_touchback,kickret_yds,passing_att,passing_cmp,passing_cmp_air_yds,passing_first_down,passing_incmp,passing_incmp_air_yds,passing_int,passing_ints,passing_sk,passing_sk_yds,passing_tds,passing_twopta,passing_twoptm,passing_twoptmissed,passing_yds,penalty,penalty_first_down,penalty_yds,punting_avg,punting_blk,punting_i20,punting_lng,punting_pts,punting_tot,punting_touchback,punting_yds,puntret_avg,puntret_downed,puntret_fair,puntret_lng,puntret_oob,puntret_ret,puntret_tds,puntret_tot,puntret_touchback,puntret_yds,receiving_lng,receiving_rec,receiving_tar,receiving_tds,receiving_twopta,receiving_twoptm,receiving_twoptmissed,receiving_yac_yds,receiving_yds,rushing_att,rushing_first_down,rushing_lng,rushing_loss,rushing_tds,rushing_twopta,rushing_twoptm,rushing_twoptmissed,rushing_yds,third_down_att,third_down_conv,third_down_failed,timeout,xp_aborted
name,id,home,team,pos,defense_ast,defense_ffum,defense_fgblk,defense_frec,defense_frec_tds,defense_frec_yds,defense_int,defense_int_tds,defense_int_yds,defense_misc_tds,defense_misc_yds,defense_pass_def,defense_puntblk,defense_qbhit,defense_safe,defense_sk,defense_sk_yds,defense_tds,defense_tkl,defense_tkl_loss,defense_tkl_primary,defense_xpblk,first_down,fourth_down_att,fourth_down_conv,fourth_down_failed,fumbles_forced,fumbles_lost,fumbles_notforced,fumbles_oob,fumbles_rcv,fumbles_rec,fumbles_rec_tds,fumbles_rec_yds,fumbles_tot,fumbles_trcv,fumbles_yds,kicking_downed,kicking_fga,kicking_fgb,kicking_fgm,kicking_fgm_yds,kicking_fgmissed,kicking_fgmissed_yds,kicking_fgyds,kicking_i20,kicking_rec,kicking_rec_tds,kicking_tot,kicking_totpfg,kicking_touchback,kicking_xpa,kicking_xpb,kicking_xpmade,kicking_xpmissed,kicking_xptot,kicking_yds,kickret_avg,kickret_fair,kickret_lng,kickret_oob,kickret_ret,kickret_tds,kickret_touchback,kickret_yds,passing_att,passing_cmp,passing_cmp_air_yds,passing_first_down,passing_incmp,passing_incmp_air_yds,passing_int,passing_ints,passing_sk,passing_sk_yds,passing_tds,passing_twopta,passing_twoptm,passing_twoptmissed,passing_yds,penalty,penalty_first_down,penalty_yds,punting_avg,punting_blk,punting_i20,punting_lng,punting_pts,punting_tot,punting_touchback,punting_yds,puntret_avg,puntret_downed,puntret_fair,puntret_lng,puntret_oob,puntret_ret,puntret_tds,puntret_tot,puntret_touchback,puntret_yds,receiving_lng,receiving_rec,receiving_tar,receiving_tds,receiving_twopta,receiving_twoptm,receiving_twoptmissed,receiving_yac_yds,receiving_yds,rushing_att,rushing_first_down,rushing_lng,rushing_loss,rushing_tds,rushing_twopta,rushing_twoptm,rushing_twoptmissed,rushing_yds,third_down_att,third_down_conv,third_down_failed,timeout,xp_aborted
name,id,home,team,pos,defense_ast,defense_ffum,defense_fgblk,defense_frec,defense_frec_tds,defense_frec_yds,defense_int,defense_int_tds,defense_int_yds,defense_misc_tds,defense_misc_yds,defense_pass_def,defense_puntblk,defense_qbhit,defense_safe,defense_sk,defense_sk_yds,defense_tds,defense_tkl,defense_tkl_loss,defense_tkl_primary,defense_xpblk,first_down,fourth_down_att,fourth_down_conv,fourth_down_failed,fumbles_forced,fumbles_lost,fumbles_notforced,fumbles_oob,fumbles_rcv,fumbles_rec,fumbles_rec_tds,fumbles_rec_yds,fumbles_tot,fumbles_trcv,fumbles_yds,kicking_downed,kicking_fga,kicking_fgb,kicking_fgm,kicking_fgm_yds,kicking_fgmissed,kicking_fgmissed_yds,kicking_fgyds,kicking_i20,kicking_rec,kicking_rec_tds,kicking_tot,kicking_totpfg,kicking_touchback,kicking_xpa,kicking_xpb,kicking_xpmade,kicking_xpmissed,kicking_xptot,kicking_yds,kickret_avg,kickret_fair,kickret_lng,kickret_oob,kickret_ret,kickret_tds,kickret_touchback,kickret_yds,passing_att,passing_cmp,passing_cmp_air_yds,passing_first_down,passing_incmp,passing_incmp_air_yds,passing_int,passing_ints,passing_sk,passing_sk_yds,passing_tds,passing_twopta,passing_twoptm,passing_twoptmissed,passing_yds,penalty,penalty_first_down,penalty_yds,punting_avg,punting_blk,punting_i20,punting_lng,punting_pts,punting_tot,punting_touchback,punting_yds,puntret_avg,puntret_downed,puntret_fair,puntret_lng,puntret_oob,puntret_ret,puntret_tds,puntret_tot,puntret_touchback,puntret_yds,receiving_lng,receiving_rec,receiving_tar,receiving_tds,receiving_twopta,receiving_twoptm,receiving_twoptmissed,receiving_yac_yds,receiving_yds,rushing_att,rushing_first_down,rushing_lng,rushing_loss,rushing_tds,rushing_twopta,rushing_twoptm,rushing_twoptmissed,rushing_yds,third_down_att,third_down_conv,third_down_failed,timeout,xp_aborted
name,id,home,team,pos,defense_ast,defense_ffum,defense_fgblk,defense_frec,defense_frec_tds,defense_frec_yds,defense_int,defense_int_tds,defense_int_yds,defense_misc_tds,defense_misc_yds,defense_pass_def,defense_puntblk,defense_qbhit,defense_safe,defense_sk,defense_sk_yds,defense_tds,defense_tkl,defense_tkl_loss,defense_tkl_primary,defense_xpblk,first_down,fourth_down_att,fourth_down_conv,fourth_down_failed,fumbles_forced,fumbles_lost,fumbles_notforced,fumbles_oob,fumbles_rcv,fumbles_rec,fumbles_rec_tds,fumbles_rec_yds,fumbles_tot,fumbles_trcv,fumbles_yds,kicking_downed,kicking_fga,kicking_fgb,kicking_fgm,kicking_fgm_yds,kicking_fgmissed,kicking_fgmissed_yds,kicking_fgyds,kicking_i20,kicking_rec,kicking_rec_tds,kicking_tot,kicking_totpfg,kicking_touchback,kicking_xpa,kicking_xpb,kicking_xpmade,kicking_xpmissed,kicking_xptot,kicking_yds,kickret_avg,kickret_fair,kickret_lng,kickret_oob,kickret_ret,kickret_tds,kickret_touchback,kickret_yds,passing_att,passing_cmp,passing_cmp_air_yds,passing_first_down,passing_incmp,passing_incmp_air_yds,passing_int,passing_ints,passing_sk,passing_sk_yds,passing_tds,passing_twopta,passing_twoptm,passing_twoptmissed,passing_yds,penalty,penalty_first_down,penalty_yds,punting_avg,punting_blk,punting_i20,punting_lng,punting_pts,punting_tot,punting_touchback,punting_yds,puntret_avg,puntret_downed,puntret_fair,puntret_lng,puntret_oob,puntret_ret,puntret_tds,puntret_tot,puntret_touchback,puntret_yds,receiving_lng,receiving_rec,receiving_tar,receiving_tds,receiving_twopta,receiving_twoptm,receiving_twoptmissed,receiving_yac_yds,receiving_yds,rushing_att,rushing_first_down,rushing_lng,rushing_loss,rushing_tds,rushing_twopta,rushing_twoptm,rushing_twoptmissed,rushing_yds,third_down_att,third_down_conv,third_down_failed,timeout,xp_aborted
name,id,home,team,pos,defense_ast,defense_ffum,defense_fgblk,defense_frec,defense_frec_tds,defense_frec_yds,defense_int,defense_int_tds,defense_int_yds,defense_misc_tds,defense_misc_yds,defense_pass_def,defense_puntblk,defense_qbhit,defense_safe,defense_sk,defense_sk_yds,defense_tds,defense_tkl,defense_tkl_loss,defense_tkl_primary,defense_xpblk,first_down,fourth_down_att,fourth_down_conv,fourth_down_failed,fumbles_forced,fumbles_lost,fumbles_notforced,fumbles_oob,fumbles_rcv,fumbles_rec,fumbles_rec_tds,fumbles_rec_yds,fumbles_tot,fumbles_trcv,fumbles_yds,kicking_downed,kicking_fga,kicking_fgb,kicking_fgm,kicking_fgm_yds,kicking_fgmissed,kicking_fgmissed_yds,kicking_fgyds,kicking_i20,kicking_rec,kicking_rec_tds,kicking_tot,kicking_totpfg,kicking_touchback,kicking_xpa,kicking_xpb,kicking_xpmade,kicking_xpmissed,kicking_xptot,kicking_yds,kickret_avg,kickret_fair,kickret_lng,kickret_oob,kickret_ret,kickret_tds,kickret_touchback,kickret_yds,passing_att,passing_cmp,passing_cmp_air_yds,passing_first_down,passing_incmp,passing_incmp_air_yds,passing_int,passing_ints,passing_sk,passing_sk_yds,passing_tds,passing_twopta,passing_twoptm,passing_twoptmissed,passing_yds,penalty,penalty_first_down,penalty_yds,punting_avg,punting_blk,punting_i20,punting_lng,punting_pts,punting_tot,punting_touchback,punting_yds,puntret_avg,puntret_downed,puntret_fair,puntret_lng,puntret_oob,puntret_ret,puntret_tds,puntret_tot,puntret_touchback,puntret_yds,receiving_lng,receiving_rec,receiving_tar,receiving_tds,receiving_twopta,receiving_twoptm,receiving_twoptmissed,receiving_yac_yds,receiving_yds,rushing_att,rushing_first_down,rushing_lng,rushing_loss,rushing_tds,rushing_twopta,rushing_twoptm,rushing_twoptmissed,rushing_yds,third_down_att,third_down_conv,third_down_failed,timeout,xp_aborted
name,id,home,team,pos,defense_ast,defense_ffum,defense_fgblk,defense_frec,defense_frec_tds,defense_frec_yds,defense_int,defense_int_tds,defense_int_yds,defense_misc_tds,defense_misc_yds,defense_pass_def,defense_puntblk,defense_qbhit,defense_safe,defense_sk,defense_sk_yds,defense_tds,defense_tkl,defense_tkl_loss,defense_tkl_primary,defense_xpblk,first_down,fourth_down_att,fourth_down_conv,fourth_down_failed,fumbles_forced,fumbles_lost,fumbles_notforced,fumbles_oob,fumbles_rcv,fumbles_rec,fumbles_rec_tds,fumbles_rec_yds,fumbles_tot,fumbles_trcv,fumbles_yds,kicking_downed,kicking_fga,kicking_fgb,kicking_fgm,kicking_fgm_yds,kicking_fgmissed,kicking_fgmissed_yds,kicking_fgyds,kicking_i20,kicking_rec,kicking_rec_tds,kicking_tot,kicking_totpfg,kicking_touchback,kicking_xpa,kicking_xpb,kicking_xpmade,kicking_xpmissed,kicking_xptot,kicking_yds,kickret_avg,kickret_fair,kickret_lng,kickret_oob,kickret_ret,kickret_tds,kickret_touchback,kickret_yds,passing_att,passing_cmp,passing_cmp_air_yds,passing_first_down,passing_incmp,passing_incmp_air_yds,passing_int,passing_ints,passing_sk,passing_sk_yds,passing_tds,passing_twopta,passing_twoptm,passing_twoptmissed,passing_yds,penalty,penalty_first_down,penalty_yds,punting_avg,punting_blk,punting_i20,punting_lng,punting_pts,punting_tot,punting_touchback,punting_yds,puntret_avg,puntret_downed,puntret_fair,puntret_lng,puntret_oob,puntret_ret,puntret_tds,puntret_tot,puntret_touchback,puntret_yds,receiving_lng,receiving_rec,receiving_tar,receiving_tds,receiving_twopta,receiving_twoptm,receiving_twoptmissed,receiving_yac_yds,receiving_yds,rushing_att,rushing_first_down,rushing_lng,rushing_loss,rushing_tds,rushing_twopta,rushing_twoptm,rushing_twoptmissed,rushing_yds,third_down_att,third_down_conv,third_down_failed,timeout,xp_aborted
name,id,home,team,pos,defense_ast,defense_ffum,defense_fgblk,defense_frec,defense_frec_tds,defense_frec_yds,defense_int,defense_int_tds,defense_int_yds,defense_misc_tds,defense_misc_yds,defense_pass_def,defense_puntblk,defense_qbhit,defense_safe,defense_sk,defense_sk_yds,defense_tds,defense_tkl,defense_tkl_loss,defense_tkl_primary,defense_xpblk,first_down,fourth_down_att,fourth_down_conv,fourth_down_failed,fumbles_forced,fumbles_lost,fumbles_notforced,fumbles_oob,fumbles_rcv,fumbles_rec,fumbles_rec_tds,fumbles_rec_yds,fumbles_tot,fumbles_trcv,fumbles_yds,kicking_downed,kicking_fga,kicking_fgb,kicking_fgm,kicking_fgm_yds,kicking_fgmissed,kicking_fgmissed_yds,kicking_fgyds,kicking_i20,kicking_rec,kicking_rec_tds,kicking_tot,kicking_totpfg,kicking_touchback,kicking_xpa,kicking_xpb,kicking_xpmade,kicking_xpmissed,kicking_xptot,kicking_yds,kickret_avg,kickret_fair,kickret_lng,kickret_oob,kickret_ret,kickret_tds,kickret_touchback,kickret_yds,passing_att,passing_cmp,passing_cmp_air_yds,passing_first_down,passing_incmp,passing_incmp_air_yds,passing_int,passing_ints,passing_sk,passing_sk_yds,passing_tds,passing_twopta,passing_twoptm,passing_twoptmissed,passing_yds,penalty,penalty_first_down,penalty_yds,punting_avg,punting_blk,punting_i20,punting_lng,punting_pts,punting_tot,punting_touchback,punting_yds,puntret_avg,puntret_downed,puntret_fair,puntret_lng,puntret_oob,puntret_ret,puntret_tds,puntret_tot,puntret_touchback,puntret_yds,receiving_lng,receiving_rec,receiving_tar,receiving_tds,receiving_twopta,receiving_twoptm,receiving_twoptmissed,receiving_yac_yds,receiving_yds,rushing_att,rushing_first_down,rushing_lng,rushing_loss,rushing_tds,rushing_twopta,rushing_twoptm,rushing_twoptmissed,rushing_yds,third_down_att,third_down_conv,third_down_failed,timeout,xp_aborted
name,id,home,team,pos,defense_ast,defense_ffum,defense_fgblk,defense_frec,defense_frec_tds,defense_frec_yds,defense_int,defense_int_tds,defense_int_yds,defense_misc_tds,defense_misc_yds,defense_pass_def,defense_puntblk,defense_qbhit,defense_safe,defense_sk,defense_sk_yds,defense_tds,defense_tkl,defense_tkl_loss,defense_tkl_primary,defense_xpblk,first_down,fourth_down_att,fourth_down_conv,fourth_down_failed,fumbles_forced,fumbles_lost,fumbles_notforced,fumbles_oob,fumbles_rcv,fumbles_rec,fumbles_rec_tds,fumbles_rec_yds,fumbles_tot,fumbles_trcv,fumbles_yds,kicking_downed,kicking_fga,kicking_fgb,kicking_fgm,kicking_fgm_yds,kicking_fgmissed,kicking_fgmissed_yds,kicking_fgyds,kicking_i20,kicking_rec,kicking_rec_tds,kicking_tot,kicking_totpfg,kicking_touchback,kicking_xpa,kicking_xpb,kicking_xpmade,kicking_xpmissed,kicking_xptot,kicking_yds,kickret_avg,kickret_fair,kickret_lng,kickret_oob,kickret_ret,kickret_tds,kickret_touchback,kickret_yds,passing_att,passing_cmp,passing_cmp_air_yds,passing_first_down,passing_incmp,passing_incmp_air_yds,passing_int,passing_ints,passing_sk,passing_sk_yds,passing_tds,passing_twopta,passing_twoptm,passing_twoptmissed,passing_yds,penalty,penalty_first_down,penalty_yds,punting_avg,punting_blk,punting_i20,punting_lng,punting_pts,punting_tot,punting_touchback,punting_yds,puntret_avg,puntret_downed,puntret_fair,puntret_lng,puntret_oob,puntret_ret,puntret_tds,puntret_tot,puntret_touchback,puntret_yds,receiving_lng,receiving_rec,receiving_tar,receiving_tds,receiving_twopta,receiving_twoptm,receiving_twoptmissed,receiving_yac_yds,receiving_yds,rushing_att,rushing_first_down,rushing_lng,rushing_loss,rushing_tds,rushing_twopta,rushing_twoptm,rushing_twoptmissed,rushing_yds,third_down_att,third_down_conv,third_down_failed,timeout,xp_aborted
name,id,home,team,pos,defense_ast,defense_ffum,defense_fgblk,defense_frec,defense_frec_tds,defense_frec_yds,defense_int,defense_int_tds,defense_int_yds,defense_misc_tds,defense_misc_yds,defense_pass_def,defense_puntblk,defense_qbhit,defense_safe,defense_sk,defense_sk_yds,defense_tds,defense_tkl,defense_tkl_loss,defense_tkl_primary,defense_xpblk,first_down,fourth_down_att,fourth_down_conv,fourth_down_failed,fumbles_forced,fumbles_lost,fumbles_notforced,fumbles_oob,fumbles_rcv,fumbles_rec,fumbles_rec_tds,fumbles_rec_yds,fumbles_tot,fumbles_trcv,fumbles_yds,kicking_downed,kicking_fga,kicking_fgb,kicking_fgm,kicking_fgm_yds,kicking_fgmissed,kicking_fgmissed_yds,kicking_fgyds,kicking_i20,kicking_rec,kicking_rec_tds,kicking_tot,kicking_totpfg,kicking_touchback,kicking_xpa,kicking_xpb,kicking_xpmade,kicking_xpmissed,kicking_xptot,kicking_yds,kickret_avg,kickret_fair,kickret_lng,kickret_oob,kickret_ret,kickret_tds,kickret_touchback,kickret_yds,passing_att,passing_cmp,passing_cmp_air_yds,passing_first_down,passing_incmp,passing_incmp_air_yds,passing_int,passing_ints,passing_sk,passing_sk_yds,passing_tds,passing_twopta,passing_twoptm,passing_twoptmissed,passing_yds,penalty,penalty_first_down,penalty_yds,punting_avg,punting_blk,punting_i20,punting_lng,punting_pts,punting_tot,punting_touchback,punting_yds,puntret_avg,puntret_downed,puntret_fair,puntret_lng,puntret_oob,puntret_ret,puntret_tds,puntret_tot,puntret_touchback,puntret_yds,receiving_lng,receiving_rec,receiving_tar,receiving_tds,receiving_twopta,receiving_twoptm,receiving_twoptmissed,receiving_yac_yds,receiving_yds,rushing_att,rushing_first_down,rushing_lng,rushing_loss,rushing_tds,rushing_twopta,rushing_twoptm,rushing_twoptmissed,rushing_yds,third_down_att,third_down_conv,third_down_failed,timeout,xp_aborted
name,id,home,team,pos,defense_ast,defense_ffum,defense_fgblk,defense_frec,defense_frec_tds,defense_frec_yds,defense_int,defense_int_tds,defense_int_yds,defense_misc_tds,defense_misc_yds,defense_pass_def,defense_puntblk,defense_qbhit,defense_safe,defense_sk,defense_sk_yds,defense_tds,defense_tkl,defense_tkl_loss,defense_tkl_primary,defense_xpblk,first_down,fourth_down_att,fourth_down_conv,fourth_down_failed,fumbles_forced,fumbles_lost,fumbles_notforced,fumbles_oob,fumbles_rcv,fumbles_rec,fumbles_rec_tds,fumbles_rec_yds,fumbles_tot,fumbles_trcv,fumbles_yds,kicking_downed,kicking_fga,kicking_fgb,kicking_fgm,kicking_fgm_yds,kicking_fgmissed,kicking_fgmissed_yds,kicking_fgyds,kicking_i20,kicking_rec,kicking_rec_tds,kicking_tot,kicking_totpfg,kicking_touchback,kicking_xpa,kicking_xpb,kicking_xpmade,kicking_xpmissed,kicking_xptot,kicking_yds,kickret_avg,kickret_fair,kickret_lng,kickret_oob,kickret_ret,kickret_tds,kickret_touchback,kickret_yds,passing_att,passing_cmp,passing_cmp_air_yds,passing_first_down,passing_incmp,passing_incmp_air_yds,passing_int,passing_ints,passing_sk,passing_sk_yds,passing_tds,passing_twopta,passing_twoptm,passing_twoptmissed,passing_yds,penalty,penalty_first_down,penalty_yds,punting_avg,punting_blk,punting_i20,punting_lng,punting_pts,punting_tot,punting_touchback,punting_yds,puntret_avg,puntret_downed,puntret_fair,puntret_lng,puntret_oob,puntret_ret,puntret_tds,puntret_tot,puntret_touchback,puntret_yds,receiving_lng,receiving_rec,receiving_tar,receiving_tds,receiving_twopta,receiving_twoptm,receiving_twoptmissed,receiving_yac_yds,receiving_yds,rushing_att,rushing_first_down,rushing_lng,rushing_loss,rushing_tds,rushing_twopta,rushing_twoptm,rushing_twoptmissed,rushing_yds,third_down_att,third_down_conv,third_down_failed,timeout,xp_aborted
name,id,home,team,pos,defense_ast,defense_ffum,defense_fgblk,defense_frec,defense_frec_tds,defense_frec_yds,defense_int,defense_int_tds,defense_int_yds,defense_misc_tds,defense_misc_yds,defense_pass_def,defense_puntblk,defense_qbhit,defense_safe,defense_sk,defense_sk_yds,defense_tds,defense_tkl,defense_tkl_loss,defense_tkl_primary,defense_xpblk,first_down,fourth_down_att,fourth_down_conv,fourth_down_failed,fumbles_forced,fumbles_lost,fumbles_notforced,fumbles_oob,fumbles_rcv,fumbles_rec,fumbles_rec_tds,fumbles_rec_yds,fumbles_tot,fumbles_trcv,fumbles_yds,kicking_downed,kicking_fga,kicking_fgb,kicking_fgm,kicking_fgm_yds,kicking_fgmissed,kicking_fgmissed_yds,kicking_fgyds,kicking_i20,kicking_rec,kicking_rec_tds,kicking_tot,kicking_totpfg,kicking_touchback,kicking_xpa,kicking_xpb,kicking_xpmade,kicking_xpmissed,kicking_xptot,kicking_yds,kickret_avg,kickret_fair,kickret_lng,kickret_oob,kickret_ret,kickret_tds,kickret_touchback,kickret_yds,passing_att,passing_cmp,passing_cmp_air_yds,passing_first_down,passing_incmp,passing_incmp_air_yds,passing_int,passing_ints,passing_sk,passing_sk_yds,passing_tds,passing_twopta,passing_twoptm,passing_twoptmissed,passing_yds,penalty,penalty_first_down,penalty_yds,punting_avg,punting_blk,punting_i20,punting_lng,punting_pts,punting_tot,punting_touchback,punting_yds,puntret_avg,puntret_downed,puntret_fair,puntret_lng,puntret_oob,puntret_ret,puntret_tds,puntret_tot,puntret_touchback,puntret_yds,receiving_lng,receiving_rec,receiving_tar,receiving_tds,receiving_twopta,receiving_twoptm,receiving_twoptmissed,receiving_yac_yds,receiving_yds,rushing_att,rushing_first_down,rushing_lng,rushing_loss,rushing_tds,rushing_twopta,rushing_twoptm,rushing_twoptmissed,rushing_yds,third_down_att,third_down_conv,third_down_failed,timeout,xp_aborted
name,id,home,team,pos,defense_ast,defense_ffum,defense_fgblk,defense_frec,defense_frec_tds,defense_frec_yds,defense_int,defense_int_tds,defense_int_yds,defense_misc_tds,defense_misc_yds,defense_pass_def,defense_puntblk,defense_qbhit,defense_safe,defense_sk,defense_sk_yds,defense_tds,defense_tkl,defense_tkl_loss,defense_tkl_primary,defense_xpblk,first_down,fourth_down_att,fourth_down_conv,fourth_down_failed,fumbles_forced,fumbles_lost,fumbles_notforced,fumbles_oob,fumbles_rcv,fumbles_rec,fumbles_rec_tds,fumbles_rec_yds,fumbles_tot,fumbles_trcv,fumbles_yds,kicking_downed,kicking_fga,kicking_fgb,kicking_fgm,kicking_fgm_yds,kicking_fgmissed,kicking_fgmissed_yds,kicking_fgyds,kicking_i20,kicking_rec,kicking_rec_tds,kicking_tot,kicking_totpfg,kicking_touchback,kicking_xpa,kicking_xpb,kicking_xpmade,kicking_xpmissed,kicking_xptot,kicking_yds,kickret_avg,kickret_fair,kickret_lng,kickret_oob,kickret_ret,kickret_tds,kickret_touchback,kickret_yds,passing_att,passing_cmp,passing_cmp_air_yds,passing_first_down,passing_incmp,passing_incmp_air_yds,passing_int,passing_ints,passing_sk,passing_sk_yds,passing_tds,passing_twopta,passing_twoptm,passing_twoptmissed,passing_yds,penalty,penalty_first_down,penalty_yds,punting_avg,punting_blk,punting_i20,punting_lng,punting_pts,punting_tot,punting_touchback,punting_yds,puntret_avg,puntret_downed,puntret_fair,puntret_lng,puntret_oob,puntret_ret,puntret_tds,puntret_tot,puntret_touchback,puntret_yds,receiving_lng,receiving_rec,receiving_tar,receiving_tds,receiving_twopta,receiving_twoptm,receiving_twoptmissed,receiving_yac_yds,receiving_yds,rushing_att,rushing_first_down,rushing_lng,rushing_loss,rushing_tds,rushing_twopta,rushing_twoptm,rushing_twoptmissed,rushing_yds,third_down_att,third_down_conv,third_down_failed,timeout,xp_aborted
name,id,home,team,pos,defense_ast,defense_ffum,defense_fgblk,defense_frec,defense_frec_tds,defense_frec_yds,defense_int,defense_int_tds,defense_int_yds,defense_misc_tds,defense_misc_yds,defense_pass_def,defense_puntblk,defense_qbhit,defense_safe,defense_sk,defense_sk_yds,defense_tds,defense_tkl,defense_tkl_loss,defense_tkl_primary,defense_xpblk,first_down,fourth_down_att,fourth_down_conv,fourth_down_failed,fumbles_forced,fumbles_lost,fumbles_notforced,fumbles_oob,fumbles_rcv,fumbles_rec,fumbles_rec_tds,fumbles_rec_yds,fumbles_tot,fumbles_trcv,fumbles_yds,kicking_downed,kicking_fga,kicking_fgb,kicking_fgm,kicking_fgm_yds,kicking_fgmissed,kicking_fgmissed_yds,kicking_fgyds,kicking_i20,kicking_rec,kicking_rec_tds,kicking_tot,kicking_totpfg,kicking_touchback,kicking_xpa,kicking_xpb,kicking_xpmade,kicking_xpmissed,kicking_xptot,kicking_yds,kickret_avg,kickret_fair,kickret_lng,kickret_oob,kickret_ret,kickret_tds,kickret_touchback,kickret_yds,passing_att,passing_cmp,passing_cmp_air_yds,passing_first_down,passing_incmp,passing_incmp_air_yds,passing_int,passing_ints,passing_sk,passing_sk_yds,passing_tds,passing_twopta,passing_twoptm,passing_twoptmissed,passing_yds,penalty,penalty_first_down,penalty_yds,punting_avg,punting_blk,punting_i20,punting_lng,punting_pts,punting_tot,punting_touchback,punting_yds,puntret_avg,puntret_downed,puntret_fair,puntret_lng,puntret_oob,puntret_ret,puntret_tds,puntret_tot,puntret_touchback,puntret_yds,receiving_lng,receiving_rec,receiving_tar,receiving_tds,receiving_twopta,receiving_twoptm,receiving_twoptmissed,receiving_yac_yds,receiving_yds,rushing_att,rushing_first_down,rushing_lng,rushing_loss,rushing_tds,rushing_twopta,rushing_twoptm,rushing_twoptmissed,rushing_yds,third_down_att,third_down_conv,third_down_failed,timeout,xp_aborted
name,id,home,team,pos,defense_ast,defense_ffum,defense_fgblk,defense_frec,defense_frec_tds,defense_frec_yds,defense_int,defense_int_tds,defense_int_yds,defense_misc_tds,defense_pass_def,defense_puntblk,defense_qbhit,defense_safe,defense_sk,defense_sk_yds,defense_tds,defense_tkl,defense_tkl_loss,defense_tkl_primary,defense_xpblk,first_down,fourth_down_att,fourth_down_conv,fourth_down_failed,fumbles_forced,fumbles_lost,fumbles_notforced,fumbles_oob,fumbles_rcv,fumbles_rec,fumbles_rec_tds,fumbles_rec_yds,fumbles_tot,fumbles_trcv,fumbles_yds,kicking_downed,kicking_fga,kicking_fgb,kicking_fgm,kicking_fgm_yds,kicking_fgmissed,kicking_fgmissed_yds,kicking_fgyds,kicking_i20,kicking_rec,kicking_rec_tds,kicking_tot,kicking_totpfg,kicking_touchback,kicking_xpa,kicking_xpb,kicking_xpmade,kicking_xpmissed,kicking_xptot,kicking_yds,kickret_avg,kickret_fair,kickret_lng,kickret_oob,kickret_ret,kickret_tds,kickret_touchback,kickret_yds,passing_att,passing_cmp,passing_cmp_air_yds,passing_first_down,passing_incmp,passing_incmp_air_yds,passing_int,passing_ints,passing_sk,passing_sk_yds,passing_tds,passing_twopta,passing_twoptm,passing_twoptmissed,passing_yds,penalty,penalty_first_down,penalty_yds,punting_avg,punting_blk,punting_i20,punting_lng,punting_pts,punting_tot,punting_touchback,punting_yds,puntret_avg,puntret_downed,puntret_fair,puntret_lng,puntret_oob,puntret_ret,puntret_tds,puntret_tot,puntret_touchback,puntret_yds,receiving_lng,receiving_rec,receiving_tar,receiving_tds,receiving_twopta,receiving_twoptm,receiving_twoptmissed,receiving_yac_yds,receiving_yds,rushing_att,rushing_first_down,rushing_lng,rushing_loss,rushing_tds,rushing_twopta,rushing_twoptm,rushing_twoptmissed,rushing_yds,third_down_att,third_down_conv,third_down_failed,timeout,xp_aborted
